lineage,n_cell_lines,recall_embeddings,recall_expression_allgenes,recall_expression_hvg,difference_hvg_minus_embeddings
Lung,213,0.7230046948356808,0.7464788732394366,0.7699530516431925,0.04694835680751175
Lymphoid,187,0.946524064171123,0.9946524064171123,1.0,0.053475935828877
Skin,121,0.7107438016528925,0.8512396694214877,0.8677685950413223,0.15702479338842978
CNS/Brain,102,0.5,0.7156862745098039,0.7352941176470589,0.23529411764705888
Bowel,86,0.6744186046511628,0.813953488372093,0.8604651162790697,0.18604651162790697
Esophagus/Stomach,78,0.23076923076923078,0.2564102564102564,0.21794871794871795,-0.01282051282051283
Soft Tissue,77,0.2597402597402597,0.5584415584415584,0.5714285714285714,0.3116883116883117
Myeloid,73,0.547945205479452,0.8904109589041096,0.8904109589041096,0.34246575342465757
Head and Neck,73,0.5753424657534246,0.8356164383561644,0.7808219178082192,0.20547945205479456
Breast,70,0.2857142857142857,0.5428571428571428,0.6142857142857143,0.3285714285714286
Ovary/Fallopian Tube,67,0.22388059701492538,0.373134328358209,0.3582089552238806,0.1343283582089552
Bone,57,0.3508771929824561,0.5087719298245614,0.5614035087719298,0.21052631578947367
Pancreas,55,0.18181818181818182,0.6,0.7090909090909091,0.5272727272727273
Kidney,53,0.3018867924528302,0.7735849056603774,0.7924528301886793,0.4905660377358491
Peripheral Nervous System,45,0.4888888888888889,0.7555555555555555,0.7333333333333333,0.2444444444444444
Biliary Tract,43,0.18604651162790697,0.3023255813953488,0.16279069767441862,-0.023255813953488358
Uterus,43,0.16279069767441862,0.32558139534883723,0.4186046511627907,0.2558139534883721
Fibroblast,39,0.8974358974358975,0.9743589743589743,1.0,0.10256410256410253
Bladder/Urinary Tract,37,0.13513513513513514,0.13513513513513514,0.21621621621621623,0.08108108108108109
Liver,27,0.25925925925925924,0.48148148148148145,0.48148148148148145,0.2222222222222222
Eye,23,0.4782608695652174,0.8260869565217391,0.8695652173913043,0.3913043478260869
Thyroid,22,0.0,0.13636363636363635,0.045454545454545456,0.045454545454545456
Pleura,22,0.36363636363636365,0.5454545454545454,0.8636363636363636,0.5
Cervix,21,0.09523809523809523,0.09523809523809523,0.2857142857142857,0.19047619047619047
Prostate,13,0.07692307692307693,0.0,0.0,-0.07692307692307693
Testis,10,0.7,0.7,0.8,0.10000000000000009
